model,query_type,request_idx,tool_idx,function_name,parameters,purpose,tool_count,acknowledges_noise,from_cache
router,clean,5,0,search_restaurants,"- cuisine_type: ""Italian""
     - location: ""Austin, Texas""
     - filters: [""outdoor seating""]
   -",Search for Italian restaurants in Austin that have outdoor seating options,4,False,False
router,clean,5,1,get_restaurant_details,"- restaurant_id: [ID from search results]
     - fields: [""ratings"", ""reviews"", ""photos"", ""price_range"", ""hours""]
   -",Fetch detailed information about specific restaurants to help make an informed choice,4,False,False
router,clean,5,2,check_availability,"- restaurant_id: [ID of chosen restaurant]
     - date: [today's date]
     - time: ""19:30""
     - party_size: 6
   -",Check if the selected restaurant has availability for the requested party size and time,4,False,False
router,clean,5,3,make_reservation,"- restaurant_id: [ID of chosen restaurant]
     - date: [today's date]
     - time: ""19:30""
     - party_size: 6
     - customer_info: [user's contact details]
   -",Actually book the reservation once availability is confirmed,4,False,False
router,clean,7,0,search_restaurants,"- cuisine_type: ""Italian""
     - location: ""Austin, Texas""
     - features: [""outdoor seating""]
     - rating_minimum: 4.0
   -",Find highly-rated Italian restaurants in Austin that have outdoor seating options,4,False,False
router,clean,7,1,get_restaurant_availability,"- restaurant_ids: [results from search_restaurants]
     - date: ""today""
     - time: ""19:30""
     - party_size: 6
   -",Check which of the found restaurants have availability for the requested party size and time,4,False,False
router,clean,7,2,make_restaurant_reservation,"- restaurant_id: [selected restaurant id]
     - date: ""today""
     - time: ""19:30""
     - party_size: 6
     - seating_preference: ""outdoor""
   -",Actually book the reservation at the chosen restaurant with the specified parameters,4,False,False
router,clean,7,3,get_reservation_confirmation,"- reservation_id: [id from make_restaurant_reservation]
   -",Retrieve the confirmation details and any special instructions for the reservation,4,False,False
router,clean,2,0,search_restaurants,"- cuisine_type: ""Italian""
     - location: ""Austin, Texas""
     - features: [""outdoor seating""]
     - rating_minimum: 4.0
   -",Find highly-rated Italian restaurants in Austin that have outdoor seating options,4,False,False
router,clean,2,1,get_restaurant_availability,"- restaurant_ids: [results from search_restaurants]
     - date: ""today""
     - time: ""19:30""
     - party_size: 6
   -",Check which of the found restaurants have availability for the requested party size and time,4,False,False
router,clean,2,2,make_restaurant_reservation,"- restaurant_id: [selected restaurant id]
     - date: ""today""
     - time: ""19:30""
     - party_size: 6
     - seating_preference: ""outdoor""
   -",Actually book the reservation at the chosen restaurant with the specified parameters,4,False,False
router,clean,2,3,get_reservation_confirmation,"- reservation_id: [id from make_restaurant_reservation]
   -",Retrieve the confirmation details and any special instructions for the reservation,4,False,False
router,clean,3,0,search_restaurants,"- cuisine_type: ""Italian""
     - location: ""Austin, Texas""
     - features: [""outdoor seating""]
     - rating_minimum: 4.0
   -",Search for highly-rated Italian restaurants in Austin that have outdoor seating options,3,False,False
router,clean,3,1,get_restaurant_availability,"- restaurant_ids: [results from search_restaurants]
     - date: ""today""
     - time: ""19:30""
     - party_size: 6
   -",Check which of the found restaurants have availability for the requested party size and time,3,False,False
router,clean,3,2,make_restaurant_reservation,"- restaurant_id: [selected restaurant id]
     - date: ""today""
     - time: ""19:30""
     - party_size: 6
     - seating_preference: ""outdoor""
   -",Actually make the reservation at the chosen restaurant with the specified parameters,3,False,False
router,clean,6,0,search_restaurants,"- cuisine_type: ""Italian""
  - location: ""Austin, Texas""
  - filters: [""outdoor seating""]
  - sort_by: ""rating""
-",Search for highly-rated Italian restaurants in Austin that have outdoor seating options,4,False,False
router,clean,6,1,get_restaurant_details,"- restaurant_id: [ID from first search]
  - fields: [""hours"", ""menu"", ""reviews"", ""photos"", ""seating_options""]
-",Get detailed information about specific restaurants to verify outdoor seating availability and operating hours,4,False,False
router,clean,6,2,check_reservation_availability,"- restaurant_id: [ID from first search]
  - date: [today's date]
  - time: ""19:30""
  - party_size: 6
-",Check if the selected restaurant has availability for the requested party size and time,4,False,False
router,clean,6,3,make_reservation,"- restaurant_id: [ID from first search]
  - date: [today's date]
  - time: ""19:30""
  - party_size: 6
  - seating_preference: ""outdoor""
-",Actually book the reservation once availability is confirmed,4,False,False
router,clean,1,0,search_restaurants,"- cuisine_type: ""Italian""
     - location: ""Austin, Texas""
     - filters: [""outdoor seating""]
     - sort_by: ""rating""
   -",Search for highly-rated Italian restaurants in Austin that have outdoor seating options,4,False,False
router,clean,1,1,get_restaurant_availability,"- restaurant_id: [id from previous search]
     - date: [today's date]
     - party_size: 6
     - preferred_time: ""19:30""
   -",Check which of the found restaurants have availability for the requested party size and time,4,False,False
router,clean,1,2,make_restaurant_reservation,"- restaurant_id: [id from available options]
     - date: [today's date]
     - time: ""19:30""
     - party_size: 6
     - seating_preference: ""outdoor""
   -",Actually book the reservation at the chosen restaurant,4,False,False
router,clean,1,3,get_reservation_confirmation,"- reservation_id: [id from reservation creation]
   -",Retrieve the confirmation details and any special instructions for the reservation,4,False,False
router,clean,4,0,search_restaurants,"- cuisine_type: ""Italian""
  - location: ""Austin, Texas""
  - features: [""outdoor seating""]
  - rating_minimum: 4.0
-",Search for highly-rated Italian restaurants in Austin that have outdoor seating options,4,False,False
router,clean,4,1,get_restaurant_details,"- restaurant_id: [ID from first search]
  - fields: [""hours"", ""availability"", ""menu"", ""pricing"", ""reviews"", ""photos""]
-",Retrieve detailed information about specific restaurants from the initial search to verify they meet all criteria,4,False,False
router,clean,4,2,check_reservation_availability,"- restaurant_id: [ID from selected restaurant]
  - date: [today's date]
  - time: ""19:30""
  - party_size: 6
-",Check if the selected restaurant has availability for the requested party size and time,4,False,False
router,clean,4,3,make_reservation,"- restaurant_id: [ID from selected restaurant]
  - date: [today's date]
  - time: ""19:30""
  - party_size: 6
  - customer_details: [user's contact information]
-",Actually book the reservation once availability is confirmed,4,False,False
router,clean,0,0,search_restaurants,"- cuisine_type: ""Italian""
     - location: ""Austin, Texas""
     - features: [""outdoor seating""]
     - rating_minimum: 4.0
   -",Find highly-rated Italian restaurants in Austin that have outdoor seating options,4,False,False
router,clean,0,1,get_restaurant_availability,"- party_size: 6
     - date: [today's date]
     - time: ""19:30""
     - restaurant_ids: [list returned from search_restaurants]
   -",Check which of the found restaurants have availability for the requested party size and time,4,False,False
router,clean,0,2,get_restaurant_details,"- restaurant_id: [id from filtered available restaurants]
   -","Retrieve detailed information about available restaurants including menu, photos, exact address, and reviews",4,False,False
router,clean,0,3,make_restaurant_reservation,"- restaurant_id: [selected restaurant id]
     - party_size: 6
     - date: [today's date]
     - time: ""19:30""
     - customer_name: [user's name]
     - contact_info: [user's phone/email]
   -",Actually book the reservation at the chosen restaurant,4,False,False
router,clean,9,0,search_restaurants,"- cuisine_type: ""Italian""
     - location: ""Austin, Texas""
     - filters: [""outdoor seating""]
   -","Search for Italian restaurants in Austin that have outdoor seating and return a list of options with ratings, reviews, and basic details",4,False,False
router,clean,9,1,get_restaurant_availability,"- restaurant_ids: [results from search_restaurants]
     - date: ""today""
     - time: ""19:30""
     - party_size: 6
   -","Check which of the found restaurants have availability for the requested party size, date, and time",4,False,False
router,clean,9,2,make_restaurant_reservation,"- restaurant_id: [selected restaurant_id]
     - date: ""today""
     - time: ""19:30""
     - party_size: 6
     - seating_preference: ""outdoor""
   -",Actually make the reservation at the chosen restaurant with the specified parameters,4,False,False
router,clean,9,3,get_reservation_confirmation,"- reservation_id: [id from make_restaurant_reservation]
   -",Retrieve the confirmation details and any special instructions for the reservation,4,False,False
router,clean,10,0,search_restaurants,"- cuisine_type: ""Italian""
     - location: ""Austin, Texas""
     - filters: [""outdoor seating""]
   -",Search for Italian restaurants in Austin that have outdoor seating options,4,False,False
router,clean,10,1,get_restaurant_details,"- restaurant_id: [id from search results]
     - details_requested: [""ratings"", ""reviews"", ""hours"", ""pricing"", ""photos""]
   -",Get detailed information about specific restaurants to help make an informed choice,4,False,False
router,clean,10,2,check_restaurant_availability,"- restaurant_id: [id of selected restaurant]
     - date: [today's date]
     - time: ""7:30 PM""
     - party_size: 6
   -",Check if the selected restaurant has availability for the requested party size and time,4,False,False
router,clean,10,3,make_restaurant_reservation,"- restaurant_id: [id of selected restaurant]
     - date: [today's date]
     - time: ""7:30 PM""
     - party_size: 6
     - seating_preference: ""outdoor""
   -",Make the actual reservation once a suitable restaurant is selected and availability is confirmed,4,False,False
router,clean,11,0,search_restaurants,"- cuisine_type: ""Italian""
  - location: ""Austin, Texas""
  - filters: [""outdoor seating""]
  - sort_by: ""rating""
-",Search for highly-rated Italian restaurants in Austin that have outdoor seating options,4,False,False
router,clean,11,1,get_restaurant_details,"- restaurant_id: [ID from first search]
  - details_required: [""hours"", ""availability"", ""menu"", ""reviews"", ""photos""]
-",Fetch detailed information about specific restaurants to validate opening hours and provide more context to the user,4,False,False
router,clean,11,2,check_reservation_availability,"- restaurant_id: [ID from first search]
  - date: [today's date]
  - time: ""19:30""
  - party_size: 6
-",Check if the selected restaurant has availability for the requested party size and time,4,False,False
router,clean,11,3,make_restaurant_reservation,"- restaurant_id: [ID from first search]
  - date: [today's date]
  - time: ""19:30""
  - party_size: 6
  - seating_preference: ""outdoor""
  - customer_details: [user's contact information]
-",Actually book the reservation once a restaurant is selected and availability is confirmed,4,False,False
router,clean,8,0,search_restaurants,"- cuisine_type: ""Italian""
     - location: ""Austin, Texas""
     - filters: [""outdoor seating""]
   -","Search for Italian restaurants in Austin that have outdoor seating options, returning a list of matching venues with ratings and basic info",4,False,False
router,clean,8,1,get_restaurant_details,"- restaurant_id: [ID from first search]
     - fields: [""hours"", ""pricing"", ""reviews"", ""seating_capacity"", ""reservation_policy""]
   -",Get detailed information about specific restaurants to verify they can accommodate the party size and are open at the requested time,4,False,False
router,clean,8,2,check_reservation_availability,"- restaurant_id: [ID from selected restaurant]
     - party_size: 6
     - date: [today's date]
     - time: ""19:30""
   -",Check if the selected restaurant has availability for the specified party size and time,4,False,False
router,clean,8,3,make_restaurant_reservation,"- restaurant_id: [ID from selected restaurant]
     - party_size: 6
     - date: [today's date]
     - time: ""19:30""
     - seating_preference: ""outdoor""
   -",Actually book the reservation once a suitable restaurant is selected and availability is confirmed,4,False,False
router,clean,13,0,search_restaurants,"- cuisine_type: ""Italian""
     - location: ""Austin, Texas""
     - features: [""outdoor seating""]
     - rating_minimum: 4.0
   -",Search for highly-rated Italian restaurants in Austin that have outdoor seating options,4,False,False
router,clean,13,1,get_restaurant_availability,"- date: [today's date]
     - time: ""19:30""
     - party_size: 6
     - restaurant_ids: [list from search_restaurants results]
   -",Check which of the found restaurants have availability for the requested party size and time,4,False,False
router,clean,13,2,make_restaurant_reservation,"- restaurant_id: [selected restaurant ID]
     - date: [today's date]
     - time: ""19:30""
     - party_size: 6
     - special_requests: ""outdoor seating preferred""
   -",Actually book the reservation at the chosen restaurant,4,False,False
router,clean,13,3,get_restaurant_details,"- restaurant_id: [selected restaurant ID]
   -","Retrieve detailed information about the restaurant (address, phone, menu link, parking info) to provide to the user after booking",4,False,False
router,clean,14,0,search_restaurants,"- cuisine_type: ""Italian""
  - location: ""Austin, Texas""
  - features: [""outdoor seating""]
  - rating_minimum: 4.0
-",Search for highly-rated Italian restaurants in Austin that have outdoor seating options,3,False,False
router,clean,14,1,get_restaurant_availability,"- restaurant_ids: [results from search_restaurants]
  - date: ""today""
  - time: ""19:30""
  - party_size: 6
-",Check which of the found restaurants have availability for the requested party size and time,3,False,False
router,clean,14,2,make_restaurant_reservation,"- restaurant_id: [selected restaurant from available options]
  - date: ""today""
  - time: ""19:30""
  - party_size: 6
  - seating_preference: ""outdoor""
-",Actually make the reservation at the chosen restaurant with the specified parameters,3,False,False
router,clean,15,0,search_restaurants,"- cuisine_type: ""Italian""
     - location: ""Austin, Texas""
     - features: [""outdoor seating""]
     - rating_minimum: 4.0
   -",Search for highly-rated Italian restaurants in Austin that have outdoor seating options,3,False,False
router,clean,15,1,get_restaurant_availability,"- restaurant_ids: [results from search_restaurants]
     - date: ""today""
     - time: ""19:30""
     - party_size: 6
   -",Check which of the found restaurants have availability for the requested party size and time,3,False,False
router,clean,15,2,make_restaurant_reservation,"- restaurant_id: [selected restaurant from available options]
     - date: ""today""
     - time: ""19:30""
     - party_size: 6
     - seating_preference: ""outdoor""
   -",Actually make the reservation at the chosen restaurant with the specified parameters,3,False,False
router,clean,12,0,search_restaurants,"- cuisine_type: ""Italian""
     - location: ""Austin, Texas""
     - features: [""outdoor seating""]
     - rating_minimum: 4.0
   -",Find highly-rated Italian restaurants in Austin that have outdoor seating options,4,False,False
router,clean,12,1,get_restaurant_availability,"- restaurant_ids: [results from search_restaurants]
     - date: ""today""
     - time: ""19:30""
     - party_size: 6
   -",Check which of the found restaurants have availability for the requested party size and time,4,False,False
router,clean,12,2,make_restaurant_reservation,"- restaurant_id: [selected restaurant from available options]
     - date: ""today""
     - time: ""19:30""
     - party_size: 6
     - seating_preference: ""outdoor""
   -",Actually book the reservation at the chosen restaurant with the specified parameters,4,False,False
router,clean,12,3,get_reservation_confirmation,"- reservation_id: [ID from make_restaurant_reservation]
   -","Retrieve the confirmation details to provide to the user, including reservation number, address, and any special instructions",4,False,False
router,clean,16,0,search_restaurants,"- cuisine_type: ""Italian""
  - location: ""Austin, Texas""
  - filters: [""outdoor seating""]
  - sort_by: ""rating""
-",Search for highly-rated Italian restaurants in Austin that have outdoor seating options,3,False,False
router,clean,16,1,check_restaurant_availability,"- restaurant_id: [ID from first search]
  - date: [today's date]
  - time: ""19:30""
  - party_size: 6
-",Check if selected restaurants have availability for the requested party size and time,3,False,False
router,clean,16,2,make_restaurant_reservation,"- restaurant_id: [ID from first search]
  - date: [today's date]
  - time: ""19:30""
  - party_size: 6
  - seating_preference: ""outdoor""
  - customer_details: [would need to be provided by user]
-",Actually make the reservation at the chosen restaurant with the specified parameters,3,False,False
router,clean,18,0,search_restaurants,"- cuisine_type: ""Italian""
  - location: ""Austin, Texas""
  - seating_preference: ""outdoor""
  - rating_minimum: 4.0
-",Find highly-rated Italian restaurants in Austin that offer outdoor seating,4,False,False
router,clean,18,1,check_restaurant_availability,"- restaurant_id: [ID from search results]
  - date: [today's date]
  - time: ""19:30""
  - party_size: 6
-",Check if selected restaurants have availability for the requested party size and time,4,False,False
router,clean,18,2,make_restaurant_reservation,"- restaurant_id: [ID from available options]
  - date: [today's date]
  - time: ""19:30""
  - party_size: 6
  - seating_preference: ""outdoor""
-",Actually book the reservation at the chosen restaurant,4,False,False
router,clean,18,3,get_restaurant_details,"- restaurant_id: [ID of booked restaurant]
-","Retrieve full details about the restaurant (address, parking info, dress code, etc.) to provide to the user",4,False,False
router,clean,20,0,search_restaurants,"- cuisine_type: ""Italian""
     - location: ""Austin, Texas""
     - filters: [""outdoor seating""]
     - sort_by: ""rating""
   -",Find highly-rated Italian restaurants in Austin that have outdoor seating options,4,False,False
router,clean,20,1,get_restaurant_details,"- restaurant_id: [id from first search]
     - fields: [""hours"", ""availability"", ""menu"", ""pricing"", ""photos"", ""reviews""]
   -",Retrieve detailed information about specific restaurants to verify they meet all criteria,4,False,False
router,clean,20,2,check_reservation_availability,"- restaurant_id: [id from first search]
     - date: [today's date]
     - time: ""19:30""
     - party_size: 6
   -",Check if the selected restaurant has availability for the requested party size and time,4,False,False
router,clean,20,3,make_restaurant_reservation,"- restaurant_id: [id from first search]
     - date: [today's date]
     - time: ""19:30""
     - party_size: 6
     - seating_preference: ""outdoor""
   -",Actually book the reservation once a suitable restaurant is found and availability is confirmed,4,False,False
router,clean,17,0,search_restaurants,"- cuisine_type: ""Italian""
     - location: ""Austin, Texas""
     - filters: [""outdoor seating""]
     - sort_by: ""rating""
   -",Search for highly-rated Italian restaurants in Austin that have outdoor seating options,4,False,False
router,clean,17,1,get_restaurant_details,"- restaurant_id: [ID from first search]
     - details_requested: [""hours"", ""availability"", ""menu"", ""photos"", ""reviews""]
   -",Get detailed information about specific restaurants to validate options and check if they accept reservations,4,False,False
router,clean,17,2,check_reservation_availability,"- restaurant_id: [ID from first search]
     - date: [today's date]
     - time: ""7:30 PM""
     - party_size: 6
   -",Check if the selected restaurant has availability for the requested party size and time,4,False,False
router,clean,17,3,make_restaurant_reservation,"- restaurant_id: [ID from first search]
     - date: [today's date]
     - time: ""7:30 PM""
     - party_size: 6
     - special_requests: ""outdoor seating""
   -",Actually book the reservation once availability is confirmed,4,False,False
router,clean,19,0,search_restaurants,"- cuisine_type: ""Italian""
  - location: ""Austin, Texas""
  - filters: [""outdoor seating""]
  - sort_by: ""rating""
-",Search for highly-rated Italian restaurants in Austin that have outdoor seating options,4,False,False
router,clean,19,1,get_restaurant_details,"- restaurant_id: [ID from first search]
  - details_needed: [""hours"", ""capacity"", ""current_rating"", ""reviews"", ""photos""]
-",Get detailed information about specific restaurants to ensure they can accommodate the group and verify quality,4,False,False
router,clean,19,2,check_reservation_availability,"- restaurant_id: [ID from first search]
  - party_size: 6
  - date: [today's date]
  - time: ""19:30""
-",Check if the selected restaurant has availability for the specified party size and time,4,False,False
router,clean,19,3,make_restaurant_reservation,"- restaurant_id: [ID from first search]
  - party_size: 6
  - date: [today's date]
  - time: ""19:30""
  - seating_preference: ""outdoor""
  - customer_info: [user's contact details]
-",Make the actual reservation once a suitable restaurant is found and availability is confirmed,4,False,False
router,clean,22,0,search_restaurants,"- cuisine_type: ""Italian""
     - location: ""Austin, Texas""
     - filters: [""outdoor seating""]
   -",Search for Italian restaurants in Austin that have outdoor seating options,4,False,False
router,clean,22,1,get_restaurant_details,"- restaurant_id: [ID from first search]
     - fields: [""ratings"", ""reviews"", ""photos"", ""hours"", ""price_range""]
   -",Get detailed information about specific restaurants to help make an informed choice,4,False,False
router,clean,22,2,check_availability,"- restaurant_id: [ID of chosen restaurant]
     - date: [today's date]
     - time: ""19:30""
     - party_size: 6
   -",Check if the restaurant has availability for the requested party size and time,4,False,False
router,clean,22,3,make_reservation,"- restaurant_id: [ID of chosen restaurant]
     - date: [today's date]
     - time: ""19:30""
     - party_size: 6
     - customer_name: [user's name]
     - phone_number: [user's phone]
     - email: [user's email]
   -",Actually book the reservation once availability is confirmed,4,False,False
router,clean,21,0,search_restaurants,"- cuisine_type: ""Italian""
     - location: ""Austin, Texas""
     - seating_preference: ""outdoor""
     - rating_minimum: 4.0
   -",Search for highly-rated Italian restaurants in Austin that have outdoor seating options,4,False,False
router,clean,21,1,get_restaurant_availability,"- date: ""today""
     - time: ""19:30""
     - party_size: 6
     - restaurant_ids: [results from search_restaurants]
   -",Check which of the found restaurants have availability for the requested party size and time,4,False,False
router,clean,21,2,make_restaurant_reservation,"- restaurant_id: [selected restaurant ID]
     - date: ""today""
     - time: ""19:30""
     - party_size: 6
     - seating_preference: ""outdoor""
   -",Actually make the reservation at the chosen restaurant with the specified parameters,4,False,False
router,clean,21,3,get_reservation_confirmation,"- reservation_id: [ID from make_restaurant_reservation]
   -",Retrieve the confirmation details and any special instructions for the reservation,4,False,False
router,clean,23,0,search_restaurants,"- cuisine_type: ""Italian""
  - location: ""Austin, Texas""
  - filters: [""outdoor seating""]
-",Search for Italian restaurants in Austin that have outdoor seating options and return a list of matches with basic info,4,False,False
router,clean,23,1,get_restaurant_details,"- restaurant_id: [ID from first search]
  - details_needed: [""ratings"", ""reviews"", ""photos"", ""price_range"", ""current_wait_times""]
-",Get detailed information about specific restaurants to help make an informed choice,4,False,False
router,clean,23,2,check_availability,"- restaurant_id: [ID of chosen restaurant]
  - date: [today's date]
  - time: ""19:30""
  - party_size: 6
-",Check if the selected restaurant has availability for the requested party size and time,4,False,False
router,clean,23,3,make_reservation,"- restaurant_id: [ID of chosen restaurant]
  - date: [today's date]
  - time: ""19:30""
  - party_size: 6
  - seating_preference: ""outdoor""
  - customer_details: [user's contact information]
-",Actually book the reservation once a restaurant is selected and availability is confirmed,4,False,False
router,clean,24,0,search_restaurants,"- cuisine_type: ""Italian""
     - location: ""Austin, Texas""
     - filters: [""outdoor seating""]
   -","Search for Italian restaurants in Austin that have outdoor seating, returning a list of matching venues with ratings, prices, and basic details",4,False,False
router,clean,24,1,get_restaurant_details,"- restaurant_id: [ID from first search]
   -","Fetch detailed information about specific restaurants including current reviews, full menu, photos, and exact availability for reservations",4,False,False
router,clean,24,2,check_reservation_availability,"- restaurant_id: [ID from first search]
     - party_size: 6
     - date: [today's date]
     - time: ""19:30""
   -","Check if the selected restaurant has availability for the requested party size, date and time",4,False,False
router,clean,24,3,make_restaurant_reservation,"- restaurant_id: [ID from first search]
     - party_size: 6
     - date: [today's date]
     - time: ""19:30""
     - special_requests: ""outdoor seating""
   -",Actually book the reservation at the chosen restaurant with the specified parameters,4,False,False
router,clean,26,0,search_restaurants,"- cuisine_type: ""Italian""
     - location: ""Austin, Texas""
     - filters: [""outdoor seating""]
     - sort_by: ""rating""
   -",To find highly-rated Italian restaurants in Austin that have outdoor seating options,4,False,False
router,clean,26,1,get_restaurant_details,"- restaurant_id: [ID returned from search]
     - fields: [""hours"", ""availability"", ""seating_options"", ""price_range"", ""menu"", ""reviews""]
   -",To get detailed information about specific restaurants including operating hours and outdoor seating confirmation,4,False,False
router,clean,26,2,check_reservation_availability,"- restaurant_id: [ID returned from search]
     - date: [today's date]
     - time: ""19:30""
     - party_size: 6
   -",To check if the selected restaurant has availability for the requested party size and time,4,False,False
router,clean,26,3,make_reservation,"- restaurant_id: [ID returned from search]
     - date: [today's date]
     - time: ""19:30""
     - party_size: 6
     - seating_preference: ""outdoor""
   -",To actually book the reservation once a suitable restaurant is found and availability is confirmed,4,False,False
router,clean,27,0,search_restaurants,"- cuisine_type: ""Italian""
  - location: ""Austin, Texas""
  - features: [""outdoor seating""]
  - rating_minimum: 4.0
-",Search for highly-rated Italian restaurants in Austin that have outdoor seating options,4,False,False
router,clean,27,1,get_restaurant_details,"- restaurant_id: [ID from first search]
  - include_reviews: true
  - include_photos: true
  - include_menu: true
-","Get detailed information about specific restaurants including menus, photos, and recent reviews",4,False,False
router,clean,27,2,check_restaurant_availability,"- restaurant_id: [ID from first search]
  - date: [today's date]
  - time: ""19:30""
  - party_size: 6
-",Check if the selected restaurant has availability for the requested party size and time,4,False,False
router,clean,27,3,make_restaurant_reservation,"- restaurant_id: [ID from first search]
  - date: [today's date]
  - time: ""19:30""
  - party_size: 6
  - seating_preference: ""outdoor""
-",Actually make the reservation once a suitable restaurant is found and confirmed available,4,False,False
router,clean,29,0,search_restaurants,"- cuisine_type: ""Italian""
     - location: ""Austin, Texas""
     - filters: [""outdoor seating""]
   -",Search for Italian restaurants in Austin that have outdoor seating options,4,False,False
router,clean,29,1,get_restaurant_details,"- restaurant_id: [id from search results]
     - fields: [""ratings"", ""reviews"", ""photos"", ""hours"", ""price_range""]
   -",Fetch detailed information about specific restaurants to help make an informed choice,4,False,False
router,clean,29,2,check_restaurant_availability,"- restaurant_id: [id of chosen restaurant]
     - date: [today's date]
     - time: ""19:30""
     - party_size: 6
   -",Check if the selected restaurant has availability for the requested party size and time,4,False,False
router,clean,29,3,make_restaurant_reservation,"- restaurant_id: [id of chosen restaurant]
     - date: [today's date]
     - time: ""19:30""
     - party_size: 6
     - seating_preference: ""outdoor""
   -",Actually make the reservation once availability is confirmed,4,False,False
router,clean,25,0,search_restaurants,"- cuisine_type: ""Italian""
  - location: ""Austin, Texas""
  - seating_preference: ""outdoor""
  - rating_minimum: 4.0
  - price_range: null  # Optional parameter left open since no budget specified
-",To find and return a list of Italian restaurants in Austin that have outdoor seating and good ratings,3,False,False
router,clean,25,1,check_restaurant_availability,"- restaurant_id: [ID from first search]
  - date: [today's date]
  - time: ""19:30""
  - party_size: 6
-",To verify which of the found restaurants have availability for the specified party size and time,3,False,False
router,clean,25,2,make_restaurant_reservation,"- restaurant_id: [ID of chosen restaurant]
  - date: [today's date]
  - time: ""19:30""
  - party_size: 6
  - seating_preference: ""outdoor""
  - customer_name: [would need to be provided by user]
  - phone_number: [would need to be provided by user]
-",To actually make the reservation at the chosen restaurant with all specified requirements,3,False,False
router,clean,28,0,search_restaurants,"- cuisine_type: ""Italian""
     - location: ""Austin, Texas""
     - filters: [""outdoor seating""]
     - sort_by: ""rating""
   -",Find highly-rated Italian restaurants in Austin that have outdoor seating options,4,False,False
router,clean,28,1,get_restaurant_details,"- restaurant_id: [ID from first search]
     - details_required: [""hours"", ""availability"", ""menu"", ""reviews"", ""parking""]
   -",Get detailed information about specific restaurants to ensure they're open and suitable,4,False,False
router,clean,28,2,check_reservation_availability,"- restaurant_id: [ID from first search]
     - date: [today's date]
     - time: ""19:30""
     - party_size: 6
   -",Check if the selected restaurant has availability for the requested party size and time,4,False,False
router,clean,28,3,make_restaurant_reservation,"- restaurant_id: [ID from first search]
     - date: [today's date]
     - time: ""19:30""
     - party_size: 6
     - seating_preference: ""outdoor""
   -",Actually make the reservation once a suitable restaurant is found and availability is confirmed,4,False,False
router,poem,0,0,search_restaurants,"- location: ""Austin, Texas""
     - cuisine: ""Italian""
     - outdoor_seating: true
     - min_rating: 4.0
   -",Find highly-rated Italian restaurants in Austin that have outdoor seating options,3,True,False
router,poem,0,1,check_restaurant_availability,"- restaurant_id: [ID from search results]
     - date: [today's date]
     - time: ""19:30""
     - party_size: 6
   -",Check if selected restaurants have availability for the requested party size and time,3,True,False
router,poem,0,2,make_restaurant_reservation,"- restaurant_id: [ID from available options]
     - date: [today's date]
     - time: ""19:30""
     - party_size: 6
     - customer_name: [user's name]
     - contact_info: [user's phone/email]
   -",Actually make the reservation at the chosen restaurant,3,True,False
router,poem,1,0,search_restaurants,"- cuisine_type: ""Italian""
- location: ""Austin, TX""
- outdoor_seating: true
- price_range: null (not specified)
- rating_minimum: null (not specified)",Search for Italian restaurants in Austin that have outdoor seating options,4,True,False
router,poem,1,1,check_restaurant_availability,"- restaurant_id: [ID from search results]
- date: [today's date]
- time: ""19:30""
- party_size: 6",Check if selected restaurants have availability for the specified party size and time,4,True,False
router,poem,1,2,make_restaurant_reservation,"- restaurant_id: [ID of chosen restaurant]
- date: [today's date]
- time: ""19:30""
- party_size: 6
- customer_name: [user's name]
- phone_number: [user's phone]
- email: [user's email]",Make the actual reservation at the chosen restaurant,4,True,False
router,poem,1,3,send_confirmation,"- reservation_id: [ID from reservation]
- email: [user's email]
- phone_number: [user's phone]",Send confirmation details to the user via email and/or SMS,4,True,False
router,poem,3,0,search_restaurants,"- location: ""Austin, Texas""
     - cuisine: ""Italian""
     - outdoor_seating: true
     - price_range: null  # Optional parameter left undefined
   -",Find Italian restaurants in Austin that have outdoor seating options,3,True,False
router,poem,3,1,check_restaurant_availability,"- restaurant_id: [ID from search results]
     - date: [today's date]
     - time: ""19:30""
     - party_size: 6
   -",Check if selected restaurants have availability for the specified party size and time,3,True,False
router,poem,3,2,make_restaurant_reservation,"- restaurant_id: [ID from selected restaurant]
     - date: [today's date]
     - time: ""19:30""
     - party_size: 6
     - customer_name: [user's name]
     - contact_info: [user's phone/email]
   -",Actually make the reservation at the chosen restaurant,3,True,False
router,poem,2,0,search_restaurants,"- location: ""Austin, Texas""
- cuisine_type: ""Italian""
- outdoor_seating: true
- price_range: null (not specified)
- rating_minimum: null (not specified)",Search and return a list of Italian restaurants in Austin that have outdoor seating options,4,True,False
router,poem,2,1,check_restaurant_availability,"- restaurant_id: [ID from search results]
- date: [today's date]
- time: ""19:30""
- party_size: 6",Check if selected restaurants have availability for the specified party size and time,4,True,False
router,poem,2,2,make_restaurant_reservation,"- restaurant_id: [ID of chosen restaurant]
- date: [today's date]
- time: ""19:30""
- party_size: 6
- customer_name: [user's name]
- phone_number: [user's phone]
- email: [user's email]",Actually make the reservation at the chosen restaurant with the specified details,4,True,False
router,poem,2,3,send_confirmation,"- reservation_id: [ID from reservation]
- email: [user's email]
- phone_number: [user's phone]",Send confirmation details to the user via email and/or text message,4,True,False
router,poem,5,0,search_restaurants,"- cuisine_type: ""Italian""
- location: ""Austin, TX""
- outdoor_seating: true
- min_rating: 4.0",Find highly-rated Italian restaurants in Austin that have outdoor seating options,4,True,False
router,poem,5,1,check_restaurant_availability,"- date: [today's date]
- time: ""19:30""
- party_size: 6
- restaurant_ids: [list returned from search_restaurants]",Filter the restaurant list to only those that can accommodate the party size and requested time,4,True,False
router,poem,5,2,get_restaurant_details,- restaurant_id: [selected restaurant ID],"Retrieve detailed information about the specific restaurant including address, menu, parking info, etc.",4,True,False
router,poem,5,3,make_reservation,"- restaurant_id: [selected restaurant ID]
- date: [today's date]
- time: ""19:30""
- party_size: 6
- customer_name: [user's name]
- phone_number: [user's phone]
- special_requests: ""Outdoor seating preferred""",Actually book the reservation at the selected restaurant,4,True,False
router,poem,7,0,search_restaurants,"- cuisine_type: ""Italian""
- location: ""Austin, TX""
- outdoor_seating: true
- price_range: null (not specified)
- rating_minimum: null (not specified)",Find Italian restaurants in Austin that have outdoor seating options,4,True,False
router,poem,7,1,check_availability,"- restaurant_id: [ID from search results]
- date: [today's date]
- time: ""19:30""
- party_size: 6",Check which restaurants from the search results have availability for the specified party size and time,4,True,False
router,poem,7,2,make_reservation,"- restaurant_id: [ID of chosen restaurant]
- date: [today's date]
- time: ""19:30""
- party_size: 6
- customer_name: [user's name]
- phone_number: [user's phone]
- email: [user's email]",Actually book the reservation at the chosen restaurant,4,True,False
router,poem,7,3,send_confirmation,"- reservation_id: [ID from reservation]
- email: [user's email]
- phone_number: [user's phone]",Send confirmation details to the user via email and/or text,4,True,False
router,poem,8,0,search_restaurants,"- location: ""Austin, Texas""
- cuisine_type: ""Italian""
- outdoor_seating: true
- price_range: null (not specified)
- rating_minimum: null (not specified)",Find Italian restaurants in Austin that have outdoor seating options,3,True,False
router,poem,8,1,check_restaurant_availability,"- restaurant_id: [ID from search results]
- date: [today's date]
- time: ""19:30""
- party_size: 6",Check if selected restaurants have availability for the specified party size and time,3,True,False
router,poem,8,2,make_restaurant_reservation,"- restaurant_id: [ID of chosen restaurant]
- date: [today's date]
- time: ""19:30""
- party_size: 6
- customer_name: [user's name]
- contact_info: [user's phone/email]",Make the actual reservation at the chosen restaurant,3,True,False
router,poem,6,0,search_restaurants,"- cuisine_type: ""Italian""
- location: ""Austin, TX""
- outdoor_seating: true
- min_rating: 4.0",Search for highly-rated Italian restaurants in Austin that have outdoor seating options,4,True,False
router,poem,6,1,check_restaurant_availability,"- restaurant_id: [ID from search results]
- date: [today's date]
- time: ""19:30""
- party_size: 6",Check if selected restaurants have availability for the requested party size and time,4,True,False
router,poem,6,2,make_reservation,"- restaurant_id: [ID of chosen restaurant]
- date: [today's date]
- time: ""19:30""
- party_size: 6
- customer_name: [user's name]
- phone_number: [user's phone]
- email: [user's email]",Actually book the reservation at the chosen restaurant,4,True,False
router,poem,6,3,send_confirmation,"- reservation_id: [ID from reservation]
- email: [user's email]",Send a confirmation email with the reservation details,4,True,False
router,poem,4,0,search_restaurants,"- cuisine_type: ""Italian""
- location: ""Austin, TX""
- outdoor_seating: true
- rating_minimum: 4.0",Find highly-rated Italian restaurants in Austin that offer outdoor seating,4,False,False
router,poem,4,1,check_restaurant_availability,"- date: [today's date]
- time: ""19:30""
- party_size: 6
- restaurant_ids: [list returned from search_restaurants]",Filter the restaurant list to only those with availability for the specified party size and time,4,False,False
router,poem,4,2,get_restaurant_details,- restaurant_id: [selected restaurant ID],"Retrieve detailed information about the specific restaurant including menu, photos, price range, and exact location",4,False,False
router,poem,4,3,make_reservation,"- restaurant_id: [selected restaurant ID]
- date: [today's date]
- time: ""19:30""
- party_size: 6
- customer_name: [user's name]
- phone_number: [user's phone]
- email: [user's email]",Actually book the reservation at the chosen restaurant,4,False,False
router,poem,9,0,search_restaurants,"- location: ""Austin, Texas""
- cuisine: ""Italian""
- outdoor_seating: true
- price_range: null  // Optional parameter left unspecified",Search for Italian restaurants in Austin that have outdoor seating options,3,True,False
router,poem,9,1,check_restaurant_availability,"- restaurant_id: [ID returned from search]
- date: [today's date]
- time: ""19:30""
- party_size: 6",Check if selected restaurants have availability for the specified party size and time,3,True,False
router,poem,9,2,make_restaurant_reservation,"- restaurant_id: [ID from selected restaurant]
- date: [today's date]
- time: ""19:30""
- party_size: 6
- customer_name: [user's name]  // Would need to be provided
- phone_number: [user's phone]  // Would need to be provided
- email: [user's email]  // Would need to be provided",Actually make the reservation at the chosen restaurant once confirmed available,3,True,False
router,poem,10,0,search_restaurants,"- cuisine_type: ""Italian""
- location: ""Austin, TX""
- outdoor_seating: true
- price_range: null (not specified)
- rating_minimum: null (not specified)",Search for Italian restaurants in Austin that have outdoor seating options,4,True,False
router,poem,10,1,get_restaurant_availability,"- date: [today's date]
- time: ""19:30""
- party_size: 6
- restaurant_ids: [list returned from search_restaurants]",Check which of the found restaurants have availability for the specified party size and time,4,True,False
router,poem,10,2,get_restaurant_details,- restaurant_id: [selected restaurant ID from previous results],"Retrieve detailed information about the specific restaurant including menu, photos, exact address, and contact information",4,True,False
router,poem,10,3,make_reservation,"- restaurant_id: [selected restaurant ID]
- date: [today's date]
- time: ""19:30""
- party_size: 6
- customer_name: [user's name]
- phone_number: [user's phone]
- email: [user's email]",Actually book the reservation at the chosen restaurant,4,True,False
router,poem,15,0,search_restaurants,"- cuisine_type: ""Italian""
     - location: ""Austin, TX""
     - outdoor_seating: true
     - min_party_size: 6
   -",Search for Italian restaurants in Austin that have outdoor seating and can accommodate 6 people,3,True,False
router,poem,15,1,check_restaurant_availability,"- restaurant_id: [ID from search results]
     - party_size: 6
     - date: [today's date]
     - time: ""19:30""
   -",Check if selected restaurants have availability for the requested time and party size,3,True,False
router,poem,15,2,make_restaurant_reservation,"- restaurant_id: [ID of chosen restaurant]
     - party_size: 6
     - date: [today's date]
     - time: ""19:30""
     - customer_name: [user's name]
     - phone_number: [user's phone]
     - email: [user's email]
   -",Make the actual reservation at the chosen restaurant,3,True,False
router,poem,14,0,search_restaurants,"- cuisine_type: ""Italian""
- location: ""Austin, TX""
- seating_preference: ""outdoor""
- price_range: null  # Optional, not specified in request
- rating_minimum: null  # Optional, not specified in request",Search and return a list of Italian restaurants in Austin that have outdoor seating options,3,True,False
router,poem,14,1,check_restaurant_availability,"- restaurant_id: [ID from search results]
- date: [today's date]
- time: ""19:30""
- party_size: 6",Check if selected restaurants have availability for the requested party size and time,3,True,False
router,poem,14,2,make_restaurant_reservation,"- restaurant_id: [ID of chosen restaurant]
- date: [today's date]
- time: ""19:30""
- party_size: 6
- customer_name: [user's name]
- phone_number: [user's phone]
- email: [user's email]",Make the actual reservation at the chosen restaurant that has availability,3,True,False
router,poem,12,0,search_restaurants,"- location: ""Austin, Texas""
     - cuisine: ""Italian""
     - features: [""outdoor seating""]
   -",Find Italian restaurants in Austin that have outdoor seating options,4,True,False
router,poem,12,1,check_restaurant_availability,"- restaurant_id: [ID from previous search]
     - date: [today's date]
     - time: ""19:30""
     - party_size: 6
   -",Check if selected restaurants have availability for the requested party size and time,4,True,False
router,poem,12,2,make_restaurant_reservation,"- restaurant_id: [ID from previous search]
     - date: [today's date]
     - time: ""19:30""
     - party_size: 6
     - customer_name: [user's name]
     - contact_info: [user's phone/email]
   -",Actually make the reservation at the chosen restaurant,4,True,False
router,poem,12,3,send_confirmation,"- reservation_id: [ID from reservation]
     - contact_method: [email/SMS]
     - contact_info: [user's contact details]
   -",Send reservation confirmation details to the user,4,True,False
router,poem,13,0,search_restaurants,"- location: ""Austin, Texas""
- cuisine: ""Italian""
- outdoor_seating: true
- price_range: null (not specified)
- rating_minimum: null (not specified)",Search and filter restaurants matching the basic criteria,4,True,False
router,poem,13,1,check_restaurant_availability,"- date: [today's date]
- time: ""19:30""
- party_size: 6
- restaurant_ids: [list returned from search_restaurants]",Filter only restaurants that can accommodate the specific reservation request,4,True,False
router,poem,13,2,get_restaurant_details,- restaurant_ids: [filtered list from check_restaurant_availability],"Retrieve detailed information about available restaurants including menus, photos, exact location",4,True,False
router,poem,13,3,make_reservation,"- restaurant_id: [selected restaurant id]
- date: [today's date]
- time: ""19:30""
- party_size: 6
- customer_name: [would need to prompt user]
- phone_number: [would need to prompt user]
- email: [would need to prompt user]",Actually book the reservation at the chosen restaurant,4,True,False
router,poem,16,0,search_restaurants,"- location: ""Austin, Texas""
- cuisine: ""Italian""
- features: [""outdoor seating""]
- rating_minimum: 4.0",To find highly-rated Italian restaurants in Austin that have outdoor seating options,4,True,False
router,poem,16,1,check_restaurant_availability,"- restaurant_id: [ID from previous search]
- date: [today's date]
- time: ""19:30""
- party_size: 6",To verify which restaurants from the search results have availability for the requested party size and time,4,True,False
router,poem,16,2,make_restaurant_reservation,"- restaurant_id: [ID from available options]
- date: [today's date]
- time: ""19:30""
- party_size: 6
- special_requests: ""outdoor seating""",To actually book the reservation at the chosen restaurant with the specified parameters,4,True,False
router,poem,16,3,send_confirmation,"- reservation_id: [ID from reservation]
- contact_method: ""default""",To send a confirmation of the reservation details to the user through their preferred contact method,4,True,False
router,poem,11,0,search_restaurants,"- location: ""Austin, Texas""
- cuisine: ""Italian""
- outdoor_seating: true
- price_range: null (not specified)
- rating_minimum: null (not specified)","Find Italian restaurants in Austin that have outdoor seating options, returning a list of matches with basic details",4,True,False
router,poem,11,1,check_restaurant_availability,"- restaurant_id: [ID from search results]
- date: [today's date]
- time: ""19:30""
- party_size: 6",Check if selected restaurants have availability for the specified party size and time,4,True,False
router,poem,11,2,make_restaurant_reservation,"- restaurant_id: [ID of chosen restaurant]
- date: [today's date]
- time: ""19:30""
- party_size: 6
- customer_name: [user's name]
- phone_number: [user's phone]
- special_requests: ""Outdoor seating preferred""",Actually make the reservation at the chosen restaurant with all specified details,4,True,False
router,poem,11,3,send_confirmation,"- reservation_id: [ID from reservation]
- contact_method: [email or SMS]
- contact_details: [user's contact info]",Send reservation confirmation details to the user,4,True,False
router,poem,17,0,search_restaurants,"- location: ""Austin, Texas""
     - cuisine: ""Italian""
     - outdoor_seating: true
     - min_rating: 4.0
   -",Find highly-rated Italian restaurants in Austin that have outdoor seating,4,True,False
router,poem,17,1,check_restaurant_availability,"- restaurant_id: [ID from search results]
     - date: [today's date]
     - time: ""19:30""
     - party_size: 6
   -",Check if selected restaurants have availability for the requested party size and time,4,True,False
router,poem,17,2,make_restaurant_reservation,"- restaurant_id: [ID from available options]
     - date: [today's date]
     - time: ""19:30""
     - party_size: 6
     - customer_name: [user's name]
     - phone_number: [user's phone]
     - email: [user's email]
   -",Make the actual reservation at the chosen restaurant,4,True,False
router,poem,17,3,send_confirmation,"- reservation_id: [ID from reservation]
     - email: [user's email]
     - phone_number: [user's phone]
   -",Send confirmation details to the user via email and/or text,4,True,False
router,poem,18,0,search_restaurants,"- location: ""Austin, TX""
- cuisine: ""Italian""
- outdoor_seating: true
- price_range: null (not specified)
- rating_minimum: null (not specified)",Find Italian restaurants in Austin that have outdoor seating options,3,True,False
router,poem,18,1,check_restaurant_availability,"- restaurant_id: [ID returned from search]
- date: [today's date]
- time: ""19:30""
- party_size: 6",Check if selected restaurants have availability for the specified party size and time,3,True,False
router,poem,18,2,make_restaurant_reservation,"- restaurant_id: [ID from selected restaurant]
- date: [today's date]
- time: ""19:30""
- party_size: 6
- customer_name: [user's name]
- contact_info: [user's phone/email]",Actually make the reservation at the chosen restaurant once confirmed,3,True,False
router,poem,20,0,search_restaurants,"- cuisine_type: ""Italian""
- location: ""Austin, Texas""
- seating_preference: ""outdoor""
- rating_minimum: 4.0",To find highly-rated Italian restaurants in Austin that offer outdoor seating,3,True,False
router,poem,20,1,check_restaurant_availability,"- restaurant_ids: [results from search_restaurants]
- date: [today's date]
- time: ""19:30""
- party_size: 6",To check which of the found restaurants have availability for the specified party size and time,3,True,False
router,poem,20,2,make_restaurant_reservation,"- restaurant_id: [selected restaurant from available options]
- date: [today's date]
- time: ""19:30""
- party_size: 6
- seating_preference: ""outdoor""",To actually make the reservation at the chosen restaurant,3,True,False
router,poem,22,0,search_restaurants,"- location: ""Austin, Texas""
- cuisine_type: ""Italian""
- outdoor_seating: true
- price_range: null (not specified)
- rating_minimum: null (not specified)",Find Italian restaurants in Austin that have outdoor seating options,3,True,False
router,poem,22,1,check_restaurant_availability,"- restaurant_id: [ID returned from search]
- date: [today's date]
- time: ""19:30""
- party_size: 6",Check if selected restaurants have availability for the specified party size and time,3,True,False
router,poem,22,2,make_restaurant_reservation,"- restaurant_id: [ID from selected restaurant]
- date: [today's date]
- time: ""19:30""
- party_size: 6
- customer_name: [user's name]
- phone_number: [user's phone]
- email: [user's email]",Actually make the reservation at the chosen restaurant with the specified details,3,True,False
router,poem,23,0,search_restaurants,"- location: ""Austin, Texas""
- cuisine: ""Italian""
- outdoor_seating: true
- price_range: null (not specified)
- rating: null (not specified)",Find Italian restaurants in Austin that have outdoor seating options,4,True,False
router,poem,23,1,check_availability,"- restaurant_id: [ID returned from search]
- date: [today's date]
- time: ""19:30""
- party_size: 6",Check if selected restaurants have availability for the specified party size and time,4,True,False
router,poem,23,2,make_reservation,"- restaurant_id: [ID from selected restaurant]
- date: [today's date]
- time: ""19:30""
- party_size: 6
- customer_info: [user's contact details]",Actually make the reservation at the chosen restaurant,4,True,False
router,poem,23,3,send_confirmation,"- reservation_id: [ID from reservation]
- contact_method: [user's preferred contact method]",Send confirmation details to the user about their reservation,4,True,False
router,poem,21,0,search_restaurants,"- location: ""Austin, Texas""
     - cuisine_type: ""Italian""
     - outdoor_seating: true
     - min_rating: 4.0
   -",Find highly-rated Italian restaurants in Austin that offer outdoor seating,4,True,False
router,poem,21,1,check_restaurant_availability,"- restaurant_id: [ID from search results]
     - date: [today's date]
     - time: ""19:30""
     - party_size: 6
   -",Check if selected restaurants have availability for the requested party size and time,4,True,False
router,poem,21,2,make_restaurant_reservation,"- restaurant_id: [ID from available options]
     - date: [today's date]
     - time: ""19:30""
     - party_size: 6
     - customer_name: [user's name]
     - phone_number: [user's phone]
     - email: [user's email]
   -",Actually book the reservation at the chosen restaurant,4,True,False
router,poem,21,3,send_confirmation,"- reservation_id: [ID from reservation]
     - email: [user's email]
     - phone_number: [user's phone]
   -",Send confirmation details of the reservation to the user,4,True,False
router,poem,19,0,search_restaurants,"- location: ""Austin, Texas""
- cuisine: ""Italian""
- outdoor_seating: true
- price_range: null (not specified)
- rating_minimum: null (not specified)",Find Italian restaurants in Austin that have outdoor seating options,3,True,False
router,poem,19,1,check_restaurant_availability,"- restaurant_id: [ID returned from search]
- date: [today's date]
- time: ""19:30""
- party_size: 6",Check if selected restaurants have availability for the specified party size and time,3,True,False
router,poem,19,2,make_restaurant_reservation,"- restaurant_id: [ID from selected restaurant]
- date: [today's date]
- time: ""19:30""
- party_size: 6
- customer_name: [user's name]
- phone_number: [user's phone]
- email: [user's email]",Actually make the reservation at the chosen restaurant,3,True,False
router,poem,26,0,search_restaurants,"- location: ""Austin, Texas""
- cuisine: ""Italian""
- features: [""outdoor seating""]
- price_range: null  # Optional, not specified in request",Search and return a list of Italian restaurants in Austin that have outdoor seating,4,True,False
router,poem,26,1,check_restaurant_availability,"- restaurant_id: [ID returned from search]
- date: [today's date]
- time: ""19:30""
- party_size: 6",Check if selected restaurants have availability for the specified party size and time,4,True,False
router,poem,26,2,make_restaurant_reservation,"- restaurant_id: [ID of chosen restaurant]
- date: [today's date]
- time: ""19:30""
- party_size: 6
- customer_info: [user's contact details]",Actually make the reservation at the chosen restaurant for the specified time and party size,4,True,False
router,poem,26,3,send_confirmation,"- reservation_id: [ID returned from reservation]
- contact_method: [user's preferred contact method]",Send reservation confirmation details to the user,4,True,False
router,poem,24,0,search_restaurants,"- location: ""Austin, Texas""
     - cuisine: ""Italian""
     - outdoor_seating: true
     - price_range: null  # Optional parameter left unspecified
     - rating_minimum: null  # Optional parameter left unspecified
   -",Find Italian restaurants in Austin that have outdoor seating options,3,True,False
router,poem,24,1,check_restaurant_availability,"- restaurant_id: [id from search results]
     - date: [today's date]
     - time: ""19:30""
     - party_size: 6
   -",Check if selected restaurants have availability for the specified party size and time,3,True,False
router,poem,24,2,make_restaurant_reservation,"- restaurant_id: [id of chosen restaurant]
     - date: [today's date]
     - time: ""19:30""
     - party_size: 6
     - customer_name: [user's name]
     - contact_info: [user's phone/email]
   -",Actually make the reservation at the chosen restaurant for the specified parameters,3,True,False
router,poem,27,0,search_restaurants,"- cuisine_type: ""Italian""
- location: ""Austin, Texas""
- outdoor_seating: true
- price_range: null (optional parameter, not specified in request)
- rating_minimum: null (optional parameter, not specified in request)",To find Italian restaurants in Austin that have outdoor seating options,3,False,False
router,poem,27,1,check_restaurant_availability,"- restaurant_id: [ID returned from search_restaurants]
- date: [today's date]
- time: ""19:30""
- party_size: 6",To check which restaurants from the search results have availability for the requested party size and time,3,False,False
router,poem,27,2,make_restaurant_reservation,"- restaurant_id: [ID of selected restaurant]
- date: [today's date]
- time: ""19:30""
- party_size: 6
- customer_name: [would need to prompt user for this]
- phone_number: [would need to prompt user for this]
- email: [would need to prompt user for this]",To actually make the reservation at the chosen restaurant with the specified parameters,3,False,False
router,poem,28,0,search_restaurants,"- cuisine_type: ""Italian""
- location: ""Austin, TX""
- outdoor_seating: true
- price_range: null (not specified)
- rating_minimum: null (not specified)",Search for Italian restaurants in Austin that have outdoor seating options,3,True,False
router,poem,28,1,check_restaurant_availability,"- restaurant_id: [ID from search results]
- date: [today's date]
- time: ""19:30""
- party_size: 6",Check if selected restaurants have availability for the specified party size and time,3,True,False
router,poem,28,2,make_restaurant_reservation,"- restaurant_id: [ID of chosen restaurant]
- date: [today's date]
- time: ""19:30""
- party_size: 6
- customer_name: [user's name]
- phone_number: [user's phone]
- email: [user's email]",Actually book the reservation at the chosen restaurant,3,True,False
router,poem,25,0,search_restaurants,"- cuisine_type: ""Italian""
- location: ""Austin, TX""
- outdoor_seating: true
- minimum_seating_capacity: 6
- rating_minimum: 4.0",Search for highly-rated Italian restaurants in Austin that have outdoor seating and can accommodate 6 people,4,True,False
router,poem,25,1,check_restaurant_availability,"- restaurant_id: [ID from search results]
- date: [today's date]
- time: ""19:30""
- party_size: 6",Check if selected restaurants have availability for the requested time and party size,4,True,False
router,poem,25,2,make_restaurant_reservation,"- restaurant_id: [ID from available options]
- date: [today's date]
- time: ""19:30""
- party_size: 6
- special_requests: ""Outdoor seating preferred""
- customer_name: [user's name]
- phone_number: [user's phone]
- email: [user's email]",Make the actual reservation at the chosen restaurant,4,True,False
router,poem,25,3,send_confirmation,"- reservation_id: [ID from reservation]
- email: [user's email]
- phone_number: [user's phone]",Send confirmation details to the user with reservation information and restaurant details,4,True,False
router,poem,29,0,search_restaurants,"{
     ""location"": ""Austin, Texas"",
     ""cuisine"": ""Italian"",
     ""outdoor_seating"": true,
     ""price_range"": null,  // Optional parameter left open
     ""rating_minimum"": null  // Optional parameter left open
   }
   -",Find Italian restaurants in Austin that have outdoor seating options,3,True,False
router,poem,29,1,check_restaurant_availability,"{
     ""restaurant_id"": ""[id from search results]"",
     ""date"": ""today"",
     ""time"": ""19:30"",
     ""party_size"": 6
   }
   -",Check if selected restaurants have availability for the requested party size and time,3,True,False
router,poem,29,2,make_restaurant_reservation,"{
     ""restaurant_id"": ""[id from available options]"",
     ""date"": ""today"",
     ""time"": ""19:30"",
     ""party_size"": 6,
     ""customer_name"": ""[user's name]"",
     ""phone_number"": ""[user's phone]"",
     ""email"": ""[user's email]""
   }
   -",Actually book the reservation at the chosen restaurant with all specified details,3,True,False
router,hyperstring,1,0,search_restaurants,"- cuisine_type: ""Italian""
     - location: ""Austin, TX""
     - filters: {outdoor_seating: true, min_capacity: 6}
   -",Search for Italian restaurants in Austin matching the specified criteria,3,False,False
router,hyperstring,1,1,check_restaurant_availability,"- restaurant_id: [result from search_restaurants]
     - date: ""today""
     - time: ""19:30""
     - party_size: 6
   -",Check if the selected restaurant has availability for the specified time and party size,3,False,False
router,hyperstring,1,2,make_restaurant_reservation,"- restaurant_id: [result from search_restaurants]
     - date: ""today""
     - time: ""19:30""
     - party_size: 6
     - seating_preference: ""outdoor""
   -",Actually make the reservation at the selected restaurant,3,False,False
router,hyperstring,0,0,searchRestaurants,"- cuisine_type: ""Italian""
- location: ""Austin, TX""
- outdoor_seating: true
- min_capacity: 6",Search for restaurants matching the specific criteria (Italian restaurants in Austin with outdoor seating that can accommodate 6+ people),4,True,False
router,hyperstring,0,1,checkAvailability,"- restaurant_id: [returned from searchRestaurants]
- party_size: 6
- date: [today's date]
- time: ""19:30""","Check if the selected restaurant(s) have availability for the specified party size, date and time",4,True,False
router,hyperstring,0,2,makeReservation,"- restaurant_id: [returned from searchRestaurants]
- party_size: 6
- date: [today's date]
- time: ""19:30""
- customer_info: [would need to be provided by user]",Actually make the reservation at the chosen restaurant once availability is confirmed,4,True,False
router,hyperstring,0,3,sendConfirmation,"- reservation_id: [returned from makeReservation]
- customer_contact: [would need to be provided by user]",Send a confirmation of the reservation details to the customer,4,True,False
router,hyperstring,3,0,searchRestaurants,"- cuisine_type: ""Italian""
- location: ""Austin, TX""
- filters: {outdoor_seating: true, min_capacity: 6}",Search for Italian restaurants in Austin that meet the basic criteria of outdoor seating and can accommodate 6+ people,3,False,False
router,hyperstring,3,1,checkAvailability,"- restaurant_ids: [results from searchRestaurants]
- date: today's date
- time: ""19:30""
- party_size: 6",Check which of the matching restaurants have availability for tonight at 7:30 PM for 6 people,3,False,False
router,hyperstring,3,2,makeReservation,"- restaurant_id: [selected restaurant ID]
- date: today's date
- time: ""19:30""
- party_size: 6
- guest_name: [user's name]
- contact_info: [user's phone/email]",Actually make the reservation at the chosen restaurant,3,False,False
router,hyperstring,5,0,searchRestaurants,"- cuisine_type: ""Italian""
- location: ""Austin, TX""
- filters: {outdoor_seating: true, minimum_capacity: 6}",Search for Italian restaurants in Austin matching the specified criteria,4,True,False
router,hyperstring,5,1,checkAvailability,"- restaurant_id: [returned from searchRestaurants]
- party_size: 6
- date: [today's date]
- time: ""19:30""",Check if the selected restaurant has availability for the specified party size and time,4,True,False
router,hyperstring,5,2,makeReservation,"- restaurant_id: [returned from searchRestaurants]
- party_size: 6
- date: [today's date]
- time: ""19:30""
- customer_details: [user's contact information]",Actually make the reservation at the restaurant,4,True,False
router,hyperstring,5,3,sendConfirmation,"- reservation_id: [returned from makeReservation]
- customer_contact: [user's contact information]",Send a confirmation of the reservation to the customer with all relevant details,4,True,False
router,hyperstring,6,0,searchRestaurants,"- cuisine_type: ""Italian""
- location: ""Austin, TX""
- filters: {
    outdoor_seating: true,
    min_capacity: 6
  }",Search for Italian restaurants in Austin matching the specific criteria,4,False,False
router,hyperstring,6,1,checkAvailability,"- restaurant_id: [returned from searchRestaurants]
- date: ""today""
- time: ""19:30""
- party_size: 6",Check if the selected restaurant has availability for the specified time and party size,4,False,False
router,hyperstring,6,2,makeReservation,"- restaurant_id: [returned from searchRestaurants]
- date: ""today""
- time: ""19:30""
- party_size: 6
- seating_preference: ""outdoor""",Actually make the reservation once availability is confirmed,4,False,False
router,hyperstring,6,3,sendConfirmation,"- reservation_id: [returned from makeReservation]
- contact_method: ""email"" or ""sms""",Send reservation confirmation details to the user,4,False,False
router,hyperstring,4,0,searchRestaurants,"- cuisine_type: ""Italian""
- location: ""Austin, TX""
- filters: {outdoor_seating: true, min_capacity: 6}",Search for Italian restaurants in Austin matching the outdoor seating and capacity requirements,4,True,False
router,hyperstring,4,1,checkAvailability,"- restaurant_id: [result from searchRestaurants]
- party_size: 6
- date: [today's date]
- time: ""19:30""",Check if selected restaurant(s) have availability for the specified party size and time,4,True,False
router,hyperstring,4,2,makeReservation,"- restaurant_id: [result from checkAvailability]
- party_size: 6
- date: [today's date]
- time: ""19:30""
- customer_info: [user's contact details]",Actually make the reservation at the chosen restaurant,4,True,False
router,hyperstring,4,3,sendConfirmation,"- reservation_id: [result from makeReservation]
- contact_method: [user's preferred contact method]",Send reservation confirmation details to the user,4,True,False
router,hyperstring,2,0,searchRestaurants,"- cuisine_type: ""Italian""
     - location: ""Austin, TX""
     - filters: {outdoor_seating: true, min_capacity: 6}
   -",Search for Italian restaurants in Austin that meet the outdoor seating and capacity requirements,4,False,False
router,hyperstring,2,1,checkAvailability,"- restaurant_id: [result from searchRestaurants]
     - date: ""today""
     - time: ""19:30""
     - party_size: 6
   -",Check if selected restaurants have availability for the requested time and party size,4,False,False
router,hyperstring,2,2,makeReservation,"- restaurant_id: [result from checkAvailability]
     - date: ""today""
     - time: ""19:30""
     - party_size: 6
     - seating_preference: ""outdoor""
   -",Actually make the reservation at the chosen restaurant,4,False,False
router,hyperstring,2,3,sendConfirmation,"- reservation_id: [result from makeReservation]
     - contact_method: ""user_preferred""
   -",Send reservation confirmation details to the user,4,False,False
router,hyperstring,8,0,searchRestaurants,"- cuisine_type: ""Italian""
- location: ""Austin, TX""
- filters: {
    outdoor_seating: true,
    min_capacity: 6
  }",Search and filter restaurants matching the basic criteria,4,False,False
router,hyperstring,8,1,checkAvailability,"- restaurant_ids: [results from searchRestaurants]
- date: today's date
- time: ""19:30""
- party_size: 6",Check which matching restaurants have availability for the specified time and party size,4,False,False
router,hyperstring,8,2,getRestaurantDetails,- restaurant_id: [selected restaurant from available options],"Retrieve full details about the selected restaurant including menu, photos, reviews",4,False,False
router,hyperstring,8,3,makeReservation,"- restaurant_id: [selected restaurant]
- date: today's date
- time: ""19:30""
- party_size: 6
- seating_preference: ""outdoor""",Actually book the reservation at the chosen restaurant,4,False,False
router,hyperstring,7,0,searchRestaurants,"- cuisine_type: ""Italian""
- location: ""Austin, TX""
- outdoor_seating: true
- min_capacity: 6",Search for restaurants matching the basic criteria (Italian restaurants in Austin with outdoor seating that can accommodate 6+ people),4,True,False
router,hyperstring,7,1,checkAvailability,"- restaurant_ids: [results from searchRestaurants]
- date: today's date
- time: ""19:30""
- party_size: 6",Check which of the matching restaurants have availability for tonight at 7:30 PM for 6 people,4,True,False
router,hyperstring,7,2,getRestaurantDetails,- restaurant_id: [selected restaurant from available options],"Retrieve detailed information about the specific restaurant (menu, photos, reviews, exact address)",4,True,False
router,hyperstring,7,3,makeReservation,"- restaurant_id: [selected restaurant]
- date: today's date
- time: ""19:30""
- party_size: 6
- special_requests: ""Outdoor seating preferred""",Actually make the reservation at the chosen restaurant,4,True,False
router,hyperstring,9,0,searchRestaurants,"{
     ""cuisine"": ""Italian"",
     ""location"": ""Austin, TX"",
     ""filters"": {
       ""outdoorSeating"": true,
       ""minCapacity"": 6
     }
   }
   -",Search for Italian restaurants in Austin matching the seating/capacity criteria,1,False,False
router,hyperstring,10,0,searchRestaurants,"- cuisine_type: ""Italian""
- location: ""Austin, TX""
- filters: {outdoor_seating: true, min_capacity: 6}",Search for Italian restaurants in Austin matching the seating criteria,1,True,False
router,hyperstring,11,0,searchRestaurants,"- cuisine_type: ""Italian""
- location: ""Austin, TX""
- outdoor_seating: true
- min_capacity: 6",Search for Italian restaurants in Austin matching the seating criteria,4,False,False
router,hyperstring,11,1,checkAvailability,"- restaurant_id: [returned from previous call]
- party_size: 6
- date: [today's date]
- time: ""19:30""",Check if selected restaurants have availability for the specified time and party size,4,False,False
router,hyperstring,11,2,makeReservation,"- restaurant_id: [returned from previous calls]
- party_size: 6
- date: [today's date]
- time: ""19:30""
- seating_preference: ""outdoor""",Actually make the reservation at the chosen restaurant,4,False,False
router,hyperstring,11,3,getReservationConfirmation,- reservation_id: [returned from makeReservation],Retrieve and return the confirmation details for the successful reservation,4,False,False
router,hyperstring,12,0,searchRestaurants,"- cuisine_type: ""Italian""
- location: ""Austin, TX""
- outdoor_seating: true
- min_capacity: 6",Search and filter restaurants matching the basic criteria,4,False,False
router,hyperstring,12,1,checkAvailability,"- restaurant_id: [returned from searchRestaurants]
- date: ""today""
- time: ""19:30""
- party_size: 6",Check if selected restaurants have availability for the requested time and party size,4,False,False
router,hyperstring,12,2,makeReservation,"- restaurant_id: [returned from searchRestaurants]
- date: ""today""
- time: ""19:30""
- party_size: 6
- seating_preference: ""outdoor""",Actually make the reservation at the chosen restaurant,4,False,False
router,hyperstring,12,3,getReservationConfirmation,- reservation_id: [returned from makeReservation],Retrieve confirmation details and booking reference for the successful reservation,4,False,False
router,hyperstring,14,0,searchRestaurants,"- cuisine_type: ""Italian""
- location: ""Austin, TX""
- filters: {outdoor_seating: true, min_capacity: 6}",Search for Italian restaurants in Austin matching the specified criteria,4,False,False
router,hyperstring,14,1,checkAvailability,"- restaurant_id: [returned from previous call]
- party_size: 6
- date: [today's date]
- time: ""19:30""",Check if the selected restaurants have availability for the specified time and party size,4,False,False
router,hyperstring,14,2,makeReservation,"- restaurant_id: [returned from previous call]
- party_size: 6
- date: [today's date]
- time: ""19:30""
- seating_preference: ""outdoor""",Actually make the reservation at the chosen restaurant,4,False,False
router,hyperstring,14,3,sendConfirmation,"- reservation_id: [returned from previous call]
- contact_method: [user's preferred contact method]",Send reservation confirmation details to the user,4,False,False
router,hyperstring,13,0,searchRestaurants,"- cuisine: ""Italian""
     - location: ""Austin, TX""
     - filters: {outdoorSeating: true, minCapacity: 6}
   -",Search for Italian restaurants in Austin matching the seating criteria,4,False,False
router,hyperstring,13,1,checkAvailability,"- restaurantId: [id from previous result]
     - partySize: 6
     - date: [today's date]
     - time: ""19:30""
   -",Check if selected restaurant(s) have availability for the specified party size and time,4,False,False
router,hyperstring,13,2,makeReservation,"- restaurantId: [id from search results]
     - partySize: 6
     - date: [today's date]
     - time: ""19:30""
     - customerDetails: [user's contact info]
   -",Actually make the reservation at the chosen restaurant,4,False,False
router,hyperstring,13,3,sendConfirmation,"- reservationId: [id from reservation]
     - contactMethod: [email or phone]
     - details: [reservation details]
   -",Send confirmation of the reservation to the user,4,False,False
router,hyperstring,16,0,searchRestaurants,"- cuisine: ""Italian""
  - location: ""Austin, TX""
  - filters: {outdoorSeating: true, minimumCapacity: 6}
-",Search for Italian restaurants in Austin that meet the basic criteria,3,False,False
router,hyperstring,16,1,checkAvailability,"- restaurantId: [id from first search]
  - partySize: 6
  - date: [today's date]
  - time: ""19:30""
-",Check if selected restaurants have availability for the specified party size and time,3,False,False
router,hyperstring,16,2,makeReservation,"- restaurantId: [id from available options]
  - partySize: 6
  - date: [today's date]
  - time: ""19:30""
  - customerDetails: [user's contact info]
-",Actually make the reservation at the chosen restaurant,3,False,False
router,hyperstring,15,0,searchRestaurants,"{
     location: ""Austin, TX"",
     cuisine_type: ""Italian"",
     filters: {
       outdoor_seating: true,
       min_capacity: 6
     }
   }
   -",Search for Italian restaurants in Austin matching the specified criteria,3,False,False
router,hyperstring,15,1,checkAvailability,"{
     restaurant_id: [result from searchRestaurants],
     party_size: 6,
     date: [today's date],
     time: ""19:30""
   }
   -",Check if selected restaurant(s) have availability for the specified party size and time,3,False,False
router,hyperstring,15,2,makeReservation,"{
     restaurant_id: [result from searchRestaurants],
     party_size: 6,
     date: [today's date],
     time: ""19:30"",
     customer_info: [user's details]
   }
   -",Actually make the reservation at the chosen restaurant,3,False,False
router,hyperstring,17,0,searchRestaurants,"{
     location: ""Austin, TX"",
     cuisine_type: ""Italian"",
     filters: {
       outdoor_seating: true,
       minimum_capacity: 6
     }
   }
   -",Search for Italian restaurants in Austin matching the specified criteria,4,True,False
router,hyperstring,17,1,checkAvailability,"{
     restaurant_id: [result from searchRestaurants],
     party_size: 6,
     date: [today's date],
     time: ""19:30""
   }
   -",Check if selected restaurant has availability for the requested time and party size,4,True,False
router,hyperstring,17,2,makeReservation,"{
     restaurant_id: [result from searchRestaurants],
     party_size: 6,
     date: [today's date],
     time: ""19:30"",
     customer_info: {
       name: [user's name],
       phone: [user's phone],
       email: [user's email]
     }
   }
   -",Make the actual reservation if availability is confirmed,4,True,False
router,hyperstring,17,3,sendConfirmation,"{
     reservation_id: [result from makeReservation],
     contact_method: [""email"" and/or ""sms""],
     reservation_details: {
       restaurant_info: [restaurant details],
       date: [today's date],
       time: ""19:30"",
       party_size: 6
     }
   }
   -",Send confirmation details to the user,4,True,False
router,hyperstring,18,0,searchRestaurants,"- cuisine_type: ""Italian""
- location: ""Austin, TX""
- filters: {
    outdoor_seating: true,
    min_capacity: 6
  }",Search for Italian restaurants in Austin meeting the specified criteria,4,True,False
router,hyperstring,18,1,checkAvailability,"- restaurant_id: [result from searchRestaurants]
- party_size: 6
- date: [today's date]
- time: ""19:30""",Check if selected restaurant has availability for the specified party size and time,4,True,False
router,hyperstring,18,2,makeReservation,"- restaurant_id: [result from searchRestaurants]
- party_size: 6
- date: [today's date]
- time: ""19:30""
- seating_preference: ""outdoor""",Actually make the reservation once availability is confirmed,4,True,False
router,hyperstring,18,3,sendConfirmation,"- reservation_id: [result from makeReservation]
- contact_method: ""email"" or ""phone""",Send reservation confirmation details to the user,4,True,False
router,hyperstring,19,0,searchRestaurants,"- cuisine_type: ""Italian""
     - location: ""Austin, TX""
     - filters: {outdoor_seating: true, min_capacity: 6}
   -",Search for Italian restaurants in Austin matching the specified criteria,4,False,False
router,hyperstring,19,1,checkAvailability,"- restaurant_id: [result from searchRestaurants]
     - party_size: 6
     - date: [today's date]
     - time: ""19:30""
   -",Check if selected restaurants have availability for the specified time and party size,4,False,False
router,hyperstring,19,2,makeReservation,"- restaurant_id: [result from checkAvailability]
     - party_size: 6
     - date: [today's date]
     - time: ""19:30""
     - seating_preference: ""outdoor""
   -",Actually make the reservation at the chosen restaurant,4,False,False
router,hyperstring,19,3,sendConfirmation,"- reservation_id: [result from makeReservation]
     - contact_method: [user's preferred contact method]
   -",Send reservation confirmation details to the user,4,False,False
router,hyperstring,20,0,searchRestaurants,"- cuisine_type: ""Italian""
- location: ""Austin, TX""
- filters: {outdoor_seating: true, min_capacity: 6}",Search for Italian restaurants in Austin that meet the basic criteria,4,False,False
router,hyperstring,20,1,checkAvailability,"- restaurant_ids: [results from searchRestaurants]
- date: ""today""
- time: ""19:30""
- party_size: 6",Filter restaurants by actual availability for tonight's reservation,4,False,False
router,hyperstring,20,2,getRestaurantDetails,- restaurant_id: [selected restaurant from available options],Retrieve detailed information about the specific restaurant(s) that matched all criteria,4,False,False
router,hyperstring,20,3,makeReservation,"- restaurant_id: [selected restaurant]
- date: ""today""
- time: ""19:30""
- party_size: 6
- seating_preference: ""outdoor""",Actually book the reservation at the chosen restaurant,4,False,False
router,hyperstring,21,0,searchRestaurants,"- cuisine_type: ""Italian""
- location: ""Austin, TX""
- filters: {
    outdoor_seating: true,
    min_capacity: 6
  }",Search for Italian restaurants in Austin matching the specific criteria for outdoor seating and group size,4,True,False
router,hyperstring,21,1,checkAvailability,"- restaurant_id: [returned from searchRestaurants]
- party_size: 6
- date: [today's date]
- time: ""19:30""","Check if the selected restaurant has availability for the specified party size, date and time",4,True,False
router,hyperstring,21,2,createReservation,"- restaurant_id: [returned from searchRestaurants]
- party_size: 6
- date: [today's date]
- time: ""19:30""
- customer_details: [user's contact information]",Actually make the reservation at the restaurant once availability is confirmed,4,True,False
router,hyperstring,21,3,sendConfirmation,"- reservation_id: [returned from createReservation]
- contact_method: [user's preferred contact method]",Send reservation confirmation details to the user,4,True,False
router,hyperstring,23,0,searchRestaurants,"- cuisine_type: ""Italian""
- location: ""Austin, TX""
- outdoor_seating: true
- min_capacity: 6",Search and filter restaurants matching the basic criteria,4,False,False
router,hyperstring,23,1,checkAvailability,"- restaurant_ids: [results from searchRestaurants]
- date: today's date
- time: ""19:30""
- party_size: 6",Check which matching restaurants have availability for the specified time and party size,4,False,False
router,hyperstring,23,2,getRestaurantDetails,- restaurant_id: [selected restaurant from checkAvailability],"Retrieve detailed information about the specific restaurant including ratings, menu, exact address",4,False,False
router,hyperstring,23,3,makeReservation,"- restaurant_id: [selected restaurant]
- date: today's date
- time: ""19:30""
- party_size: 6
- seating_preference: ""outdoor""",Actually make the reservation at the chosen restaurant,4,False,False
router,hyperstring,22,0,searchRestaurants,"- cuisine: ""Italian""
     - location: ""Austin, TX""
     - filters: {outdoorSeating: true, minCapacity: 6}
   -",Search and filter restaurants matching the basic criteria,5,False,False
router,hyperstring,22,1,checkAvailability,"- date: today's date
     - time: ""19:30""
     - partySize: 6
     - restaurantIds: [results from searchRestaurants]
   -",Check which matching restaurants have availability for tonight,5,False,False
router,hyperstring,22,2,getRestaurantDetails,"- restaurantId: [selected restaurant from available options]
   -","Retrieve full details about the specific restaurant including menu, address, photos",5,False,False
router,hyperstring,22,3,makeReservation,"- restaurantId: [selected restaurant]
     - date: today's date
     - time: ""19:30""
     - partySize: 6
     - customerDetails: [user's contact info]
   -",Actually book the reservation at the chosen restaurant,5,False,False
router,hyperstring,22,4,sendConfirmation,"- reservationId: [id from makeReservation]
     - contactMethod: [email/phone]
   -",Send reservation confirmation details to the customer,5,False,False
router,hyperstring,24,0,search_restaurants,"- cuisine_type: ""Italian""
     - location: ""Austin, TX""
     - filters: {outdoor_seating: true, min_capacity: 6}
   -",Search and filter restaurants matching the basic criteria,4,False,False
router,hyperstring,24,1,check_restaurant_availability,"- date: today's date
     - time: ""19:30""
     - party_size: 6
     - restaurant_ids: [results from search_restaurants]
   -",Check which matching restaurants have availability for the specified time and party size,4,False,False
router,hyperstring,24,2,get_restaurant_details,"- restaurant_id: [selected restaurant from available options]
   -","Retrieve full details about the specific restaurant including address, phone, ratings, etc.",4,False,False
router,hyperstring,24,3,make_reservation,"- restaurant_id: [selected restaurant]
     - date: today's date
     - time: ""19:30""
     - party_size: 6
     - customer_info: [user's contact details]
   -",Actually make the reservation at the chosen restaurant,4,False,False
router,hyperstring,25,0,searchRestaurants,"- cuisine_type: ""Italian""
     - location: ""Austin, TX""
     - filters: {outdoor_seating: true, minimum_capacity: 6}
   -",Search for Italian restaurants in Austin matching the seating criteria,3,True,False
router,hyperstring,25,1,checkAvailability,"- restaurant_id: [result from searchRestaurants]
     - party_size: 6
     - date: [today's date]
     - time: ""19:30""
   -",Check if the selected restaurant(s) have availability for the specified time and party size,3,True,False
router,hyperstring,25,2,makeReservation,"- restaurant_id: [result from searchRestaurants]
     - party_size: 6
     - date: [today's date]
     - time: ""19:30""
     - seating_preference: ""outdoor""
   -",Actually make the reservation once a suitable restaurant is found,3,True,False
router,hyperstring,26,0,searchRestaurants,"- cuisine: ""Italian""
     - location: ""Austin, TX""
     - filters: {outdoorSeating: true, minCapacity: 6}
   -",Search for Italian restaurants in Austin matching the seating and capacity requirements,4,True,False
router,hyperstring,26,1,checkAvailability,"- restaurantId: [ID from previous search]
     - partySize: 6
     - dateTime: ""2024-[current-month]-[current-day] 19:30:00""
   -",Check if selected restaurant has availability for the requested party size and time,4,True,False
router,hyperstring,26,2,makeReservation,"- restaurantId: [ID from search]
     - partySize: 6
     - dateTime: ""2024-[current-month]-[current-day] 19:30:00""
     - customerDetails: [user's contact info]
   -",Actually book the reservation once availability is confirmed,4,True,False
router,hyperstring,26,3,sendConfirmation,"- reservationId: [ID from reservation]
     - contactMethod: [email or phone]
     - details: [reservation details]
   -",Send confirmation details to the customer,4,True,False
router,hyperstring,27,0,searchRestaurants,"- cuisine_type: ""Italian""
- location: ""Austin, TX""
- filters: {
    outdoor_seating: true,
    min_capacity: 6
  }",Search for Italian restaurants in Austin matching the outdoor seating and capacity requirements,4,False,False
router,hyperstring,27,1,checkAvailability,"- restaurant_id: [result from searchRestaurants]
- party_size: 6
- date: [today's date]
- time: ""19:30""",Check if the selected restaurant(s) have availability for the requested party size and time,4,False,False
router,hyperstring,27,2,makeReservation,"- restaurant_id: [result from searchRestaurants]
- party_size: 6
- date: [today's date]
- time: ""19:30""
- customer_info: [user's details]",Make the actual reservation at the chosen restaurant,4,False,False
router,hyperstring,27,3,sendConfirmation,"- reservation_id: [result from makeReservation]
- contact_method: [user's preferred contact method]",Send reservation confirmation details to the user,4,False,False
router,hyperstring,28,0,searchRestaurants,"- cuisine_type: ""Italian""
- location: ""Austin, TX""
- filters: {outdoor_seating: true, min_capacity: 6}",Search for Italian restaurants in Austin that meet the basic criteria,4,False,False
router,hyperstring,28,1,checkAvailability,"- restaurant_ids: [results from searchRestaurants]
- date: today's date
- time: ""19:30""
- party_size: 6",Check which matching restaurants have availability for the requested time and party size,4,False,False
router,hyperstring,28,2,getRestaurantDetails,- restaurant_id: [selected restaurant from available options],Retrieve detailed information about the specific restaurant(s) that matched and have availability,4,False,False
router,hyperstring,28,3,makeReservation,"- restaurant_id: [chosen restaurant]
- date: today's date
- time: ""19:30""
- party_size: 6
- seating_preference: ""outdoor""",Actually make the reservation at the selected restaurant,4,False,False
router,hyperstring,29,0,searchRestaurants,"- cuisine_type: ""Italian""
- location: ""Austin, TX""
- outdoor_seating: true
- min_capacity: 6",Search for Italian restaurants in Austin matching the seating criteria,4,True,False
router,hyperstring,29,1,checkAvailability,"- restaurant_id: [returned from searchRestaurants]
- party_size: 6
- date: [today's date]
- time: ""19:30""",Check if selected restaurant has availability for the specified time and party size,4,True,False
router,hyperstring,29,2,makeReservation,"- restaurant_id: [returned from searchRestaurants]
- party_size: 6
- date: [today's date]
- time: ""19:30""
- customer_info: [user's contact details]",Actually make the reservation once availability is confirmed,4,True,False
router,hyperstring,29,3,sendConfirmation,"- reservation_id: [returned from makeReservation]
- customer_contact: [user's contact info]",Send confirmation details to the customer about their reservation,4,True,False
